Employee_ID,Name,Age,City,Department,Salary,Product,Quantity,Rating,Joining_Year
35,Sneha,33.0,Butwal,HR,115111.0,Headphones,9,3.0,2018
183,Aayush,37.0,Bhaktapur,IT,28396.0,Keyboard,8,3.1,2019
86,Neha,32.0,Chitwan,IT,96376.0,Mouse,3,4.6,2020
274,  Sabin ,21.0,Dharan,Operations,52479.0,Webcam,5,4.3,2019
37,Maya,55.0,Kathmandu,IT,34862.0,Keyboard,9,1.1,2023
6,Raj,43.0,Bhaktapur,Operations,34116.0,Laptop,4,4.1,2019
285,Sita,26.0,Lalitpur,Finance,67727.0,Mouse,8,1.5,2025
265,Ramesh,40.0,butwal,IT,36995.0,Laptop,5,2.8,2022
468,Riya,49.0,Kathmandu,IT,$110003,Printer,2,3.8,2022
329,Raj,35.0,Dharan,Finance,102554.0,Webcam,4,3.9,2021
380,Nisha,46.0,Dharan,Marketing,138664.0,Printer,1,3.1,2020
143,Priya,44.0,Bhaktapur,Marketing,98233.0,Printer,2,2.6,2018
176,Aayush,37.0,pokhara,Finance,82272.0,Tablet,8,4.6,2024
427,Priya,200.0,pokhara,Finance,105065.0,Mouse,4,1.5,2024
139,Raj,25.0,Kathmandu,HR,45632.0,Laptop,2,2.1,2024
264,Raj,38.0,Bhaktapur,Operations,34634.0,Monitor,5,1.6,2020
277,Sabin,25.0,Pokhara,HR,111193.0,Printer,3,3.6,2018
435,Bibek,32.0,Biratnagar,HR,62567.0,Headphones,3,4.4,2022
278,Ramesh,41.0,Chitwan,IT,26382.0,Monitor,5,1.9,2021
451,Maya,44.0,Dharan,Operations,78011.0,Tablet,6,1.1,2019
262,Rohan,47.0,Bhaktapur,IT,69642.0,Tablet,6,1.1,2022
235,Suman,54.0,Chitwan,Marketing,74712.0,Mouse,4,2.8,2020
12,Amit,51.0,Pokhara,IT,137866.0,Monitor,3,3.5,2024
259,Kiran,54.0,Kathmandu,HR,146735.0,Printer,1,4.8,2020
429,Suman,52.0,lalitpur,Sales,25568.0,Laptop,9,4.7,2025
288,Priya,52.0,Chitwan,Sales,103174.0,Keyboard,10,2.5,2020
253,Riya,21.0,Kathmandu,Marketing,97305.0,Tablet,1,1.1,2022
135,Pooja,55.0,Butwal,IT,124956.0,Headphones,10,1.9,2024
290,Bibek,42.0,Kathmandu,Sales,42895.0,Mouse,7,4.9,2025
73,Aarav,53.0,Bhaktapur,IT,56635.0,Tablet,8,3.2,2021
133,Sabin,23.0,Butwal,Operations,41021.0,Tablet,6,4.5,2024
238,Priya,52.0,Biratnagar,HR,131926.0,Printer,10,3.4,2023
500,Raj,42.0,Lalitpur,IT,40712.0,Monitor,8,3.5,2018
484,  Aayush ,46.0,Butwal,IT,45287.0,Tablet,10,2.0,2024
212,Riya,32.0,bhaktapur,Finance,98149.0,Headphones,4,4.8,2022
466,Priya,48.0,Lalitpur,HR,99233.0,Keyboard,8,4.8,2018
94,Suman,23.0,Bhaktapur,Finance,96987.0,Keyboard,5,,2025
179,Raj,47.0,Lalitpur,Operations,83183.0,Printer,8,1.2,2023
103,Raj,45.0,Pokhara,Finance,136718.0,Tablet,6,3.5,2025
178,Raj,31.0,Biratnagar,Finance,38447.0,Monitor,6,3.6,2022
267,Sita,40.0,Chitwan,IT,63253.0,Tablet,7,4.1,2021
49,Sneha,33.0,Chitwan,Marketing,104516.0,Printer,8,2.8,2021
186,  Anish ,31.0,Butwal,Marketing,54391.0,Monitor,4,4.2,2021
34,Sabin,39.0,Pokhara,HR,59664.0,Monitor,2,10.0,2020
60,Rahul,37.0,Chitwan,Sales,28804.0,Tablet,6,3.7,2024
481,  Amit ,47.0,Bhaktapur,Sales,128488.0,Tablet,6,3.4,2019
10,Neha,40.0,Bhaktapur,Operations,90435.0,Tablet,8,1.6,2020
76,Suman,37.0,Biratnagar,Finance,55217.0,Monitor,4,2.3,2020
404,Amit,30.0,Pokhara,Finance,118206.0,Laptop,7,4.5,2022
190,Amit,29.0,Biratnagar,HR,46229.0,Printer,4,2.4,2022
377,Raj,45.0,Kathmandu,Sales,141598.0,Printer,4,1.2,2025
289,Sabin,31.0,lalitpur,Sales,62858.0,Keyboard,3,2.3,2025
16,Pooja,30.0,Kathmandu,Marketing,67487.0,Webcam,1,1.4,2023
386,Aarav,50.0,Lalitpur,Operations,47701.0,Laptop,4,2.0,2022
25,Maya,31.0,Biratnagar,Sales,57742.0,Monitor,8,4.2,2019
180,Maya,37.0,Kathmandu,IT,112973.0,Tablet,6,3.1,2020
478,Ramesh,44.0,Lalitpur,IT,27170.0,Mouse,9,4.4,2024
192,  Neha ,29.0,Lalitpur,Operations,106851.0,Printer,10,1.2,2018
14,Rohan,54.0,Biratnagar,Operations,69587.0,Monitor,5,2.7,2025
126,Bibek,28.0,Chitwan,Marketing,39896.0,Monitor,8,2.8,2023
319,Sita,39.0,Chitwan,Operations,149967.0,Mouse,1,2.0,2024
353,Amit,43.0,Pokhara,Finance,117345.0,Tablet,10,1.4,2022
243,Kiran,33.0,Butwal,Operations,35363.0,Webcam,6,1.4,2021
193,Bibek,36.0,Bhaktapur,Marketing,79602.0,Laptop,8,4.6,2022
363,Aarav,47.0,Lalitpur,Marketing,141621.0,Tablet,3,1.2,2023
56,Suman,24.0,Biratnagar,HR,60614.0,Printer,6,4.6,2019
376,Kiran,44.0,Dharan,Marketing,104817.0,Webcam,1,1.7,2024
337,Sneha,49.0,Biratnagar,IT,36851.0,Keyboard,5,4.3,2018
83,Neha,23.0,Pokhara,HR,,Mouse,5,3.6,2020
102,Amit,49.0,Kathmandu,Operations,43894.0,Tablet,3,1.3,2022
160,Raj,30.0,Dharan,IT,78852.0,Printer,4,4.9,2022
203,Kiran,27.0,Lalitpur,IT,76629.0,Printer,6,3.2,2023
237,Bibek,48.0,Kathmandu,HR,122064.0,Laptop,7,2.8,2021
330,Aarav,46.0,kathmandu,HR,95981.0,Printer,1,4.8,2018
334,  Priya ,35.0,Biratnagar,Finance,"136,530",Printer,7,3.8,2023
454,Ramesh,54.0,Biratnagar,Operations,43884.0,Headphones,6,4.8,2018
370,Bibek,44.0,Chitwan,Marketing,115055.0,Webcam,10,4.5,2025
173,Bibek,42.0,Butwal,Operations,47949.0,Webcam,8,3.5,2020
27,Anish,44.0,kathmandu,Sales,59760.0,Webcam,5,2.7,2025
499,Nisha,51.0,bhaktapur,HR,121394.0,Mouse,5,1.8,2021
299,Ramesh,51.0,Lalitpur,Marketing,,Headphones,7,2.5,2019
327,Rahul,53.0,Kathmandu,Sales,34034.0,Webcam,5,4.1,2022
296,Raj,47.0,Lalitpur,Marketing,43249.0,Mouse,4,4.2,2023
50,Riya,30.0,Pokhara,Finance,92561.0,Printer,2,4.3,2021
200,Neha,42.0,Kathmandu,IT,61877.0,Webcam,10,4.5,2025
379,Priya,39.0,Dharan,Finance,60313.0,Tablet,10,,2021
415,Suman,37.0,Chitwan,Operations,136499.0,Webcam,7,3.6,2020
342,Rohan,22.0,dharan,IT,47018.0,Tablet,7,3.0,2024
373,Priya,36.0,Butwal,Operations,144822.0,Monitor,2,2.6,2024
369,Bibek,29.0,Pokhara,IT,112574.0,Printer,9,2.7,2021
232,Sita,54.0,Kathmandu,IT,147391.0,Webcam,1,2.1,2020
338,Aayush,29.0,Pokhara,Operations,57534.0,Printer,7,3.1,2022
479,Raj,26.0,Lalitpur,Sales,143175.0,Laptop,9,3.0,2019
197,Suman,35.0,Lalitpur,IT,31632.0,Headphones,7,4.5,2024
67,Nisha,24.0,,IT,116382.0,Headphones,10,4.2,2018
450,Sita,24.0,,HR,129099.0,Headphones,9,1.3,2021
422,Rahul,25.0,Dharan,,130022.0,Webcam,2,4.4,2025
487,Nisha,52.0,Chitwan,Finance,129969.0,Laptop,3,2.6,2018
151,  Sneha ,24.0,Pokhara,Marketing,102867.0,Tablet,8,3.3,2018
394,Sneha,46.0,Butwal,Finance,59152.0,Headphones,8,4.4,2025
43,Pooja,52.0,Chitwan,Operations,135580.0,Printer,1,1.5,2022
416,Priya,23.0,Lalitpur,IT,79529.0,Webcam,10,3.7,2020
42,Sneha,34.0,Bhaktapur,IT,111511.0,Mouse,7,2.3,2019
483,Nisha,20.0,Kathmandu,Marketing,93490.0,Monitor,9,1.0,2021
152,Neha,32.0,Butwal,Marketing,87341.0,Keyboard,1,2.8,2023
491,  Rahul ,20.0,lalitpur,IT,61167.0,Tablet,6,3.7,2024
156,Sneha,,Lalitpur,Marketing,117908.0,Monitor,5,3.2,2023
436,Sabin,22.0,Butwal,Sales,38432.0,Mouse,9,2.6,2022
472,Priya,31.0,Lalitpur,,103908.0,Monitor,4,2.7,2023
210,Amit,50.0,Kathmandu,Operations,43098.0,Mouse,9,2.3,2025
224,Kiran,41.0,Biratnagar,Marketing,119749.0,Laptop,5,3.6,2021
108,Suman,36.0,Dharan,Finance,112404.0,Laptop,8,4.6,2020
292,Bibek,37.0,Bhaktapur,Marketing,62836.0,Keyboard,8,3.3,2025
115,Aayush,27.0,Dharan,IT,43449.0,Mouse,7,4.9,2023
96,Suman,27.0,Lalitpur,Sales,147244.0,Headphones,9,3.8,2024
55,Riya,48.0,Biratnagar,HR,135082.0,Headphones,9,2.9,2021
21,Bibek,34.0,Pokhara,IT,137674.0,Printer,2,3.1,2022
459,Aayush,51.0,Dharan,Finance,105785.0,Headphones,10,1.6,2023
389,Aayush,37.0,Butwal,Finance,59229.0,Headphones,4,1.6,2021
348,Rohan,150.0,Bhaktapur,Finance,94951.0,Laptop,4,3.3,2024
309,Priya,44.0,Lalitpur,Operations,113753.0,Keyboard,2,3.1,2018
474,Neha,30.0,Lalitpur,Operations,92193.0,Laptop,10,1.6,2020
471,Aarav,52.0,Lalitpur,Sales,46706.0,Mouse,2,3.1,2022
433,Anish,52.0,Butwal,Operations,40126.0,Printer,9,2.9,2024
132,Priya,50.0,Pokhara,IT,134022.0,Monitor,2,2.7,2023
1,Rohan,21.0,Biratnagar,HR,54256.0,Keyboard,2,3.7,2019
413,Aayush,47.0,Pokhara,IT,136574.0,Laptop,1,4.4,2020
157,Amit,25.0,chitwan,Marketing,72425.0,Laptop,6,2.2,2021
161,Suman,34.0,Bhaktapur,Finance,130987.0,Webcam,4,2.5,2025
414,Pooja,48.0,Biratnagar,Operations,37183.0,Printer,6,1.7,2024
201,Sabin,20.0,Pokhara,Sales,42555.0,Headphones,6,4.1,2023
275,Riya,28.0,Biratnagar,HR,58119.0,Keyboard,7,4.2,2019
121,Suman,48.0,Bhaktapur,Finance,"38,022",Printer,9,4.6,2023
149,Neha,40.0,Butwal,HR,82640.0,Monitor,8,2.8,2022
470,Kiran,44.0,Bhaktapur,Marketing,78194.0,Printer,6,,2025
249,Priya,32.0,Butwal,HR,74786.0,Mouse,8,3.2,2023
384,  Sabin ,42.0,Butwal,HR,134792.0,Headphones,2,2.1,2024
462,Raj,25.0,Biratnagar,HR,141824.0,Mouse,5,3.9,2019
393,Priya,36.0,Lalitpur,Operations,142911.0,Printer,2,1.9,2021
163,Riya,43.0,Pokhara,Operations,135872.0,Monitor,5,1.3,2020
347,Raj,34.0,kathmandu,Finance,32679.0,Webcam,9,2.4,2021
438,Raj,48.0,Bhaktapur,Operations,117357.0,Printer,10,3.2,2021
32,Suman,26.0,Pokhara,Marketing,52938.0,Headphones,3,4.7,2019
344,Raj,35.0,Biratnagar,Sales,79000.0,Webcam,1,1.4,2024
22,  Riya ,33.0,Lalitpur,Operations,147619.0,Webcam,4,4.1,2024
489,Ramesh,45.0,Biratnagar,Operations,103311.0,Laptop,3,3.6,2025
171,Sabin,52.0,Kathmandu,Sales,139469.0,Webcam,1,3.5,2023
191,Kiran,32.0,Biratnagar,HR,106922.0,Headphones,10,3.1,2020
310,Anish,48.0,Butwal,Operations,Rs. 52925,Keyboard,7,3.5,2025
80,Aayush,31.0,Kathmandu,Finance,148347.0,Webcam,2,4.3,2024
250,Riya,51.0,Dharan,HR,121045.0,Printer,3,1.6,2025
463,Sita,21.0,Kathmandu,Marketing,100877.0,Tablet,10,1.9,2018
122,Ramesh,37.0,Bhaktapur,IT,149388.0,Webcam,2,3.7,2018
448,Sabin,54.0,Kathmandu,Operations,33581.0,Mouse,4,4.5,2024
92,Ramesh,55.0,Kathmandu,Sales,36542.0,Printer,5,2.3,2024
205,Amit,49.0,Lalitpur,Marketing,142064.0,Keyboard,6,4.7,2023
182,Priya,48.0,Butwal,Finance,83188.0,Monitor,10,1.6,2023
403,Nisha,30.0,Chitwan,IT,54939.0,Mouse,3,1.8,2018
222,Aayush,38.0,Bhaktapur,HR,105079.0,Tablet,7,3.1,2019
53,  Maya ,34.0,lalitpur,Operations,92889.0,Webcam,1,3.2,2019
318,Sita,39.0,Pokhara,Marketing,145707.0,Mouse,3,,2024
286,Aayush,44.0,Chitwan,Marketing,39972.0,Printer,6,4.4,2020
172,Aarav,42.0,Pokhara,Finance,56604.0,Monitor,10,3.9,2023
165,Bibek,45.0,Butwal,HR,Rs. 75615,Monitor,6,1.9,2023
261,Sabin,41.0,Chitwan,Operations,43343.0,Monitor,9,4.0,2023
105,Rohan,,Lalitpur,Operations,64251.0,Laptop,1,2.3,2018
445,Pooja,48.0,Bhaktapur,Operations,105439.0,Mouse,1,0.0,2023
339,Anish,21.0,Chitwan,Sales,97869.0,Mouse,2,2.8,2020
434,Sabin,38.0,Chitwan,IT,93515.0,Monitor,1,2.5,2018
417,Ramesh,42.0,Kathmandu,Operations,140336.0,Keyboard,8,4.7,2019
392,Sabin,50.0,Butwal,Marketing,64347.0,Keyboard,9,1.7,2019
287,Sneha,25.0,Lalitpur,Finance,40448.0,Mouse,5,1.5,2023
490,  Nisha ,53.0,Biratnagar,HR,29405.0,Mouse,10,1.7,2018
311,Sita,26.0,Lalitpur,IT,102276.0,Tablet,6,4.9,2023
7,Rohan,44.0,Biratnagar,Sales,108320.0,Printer,3,2.5,2021
148,Anish,29.0,Pokhara,HR,149687.0,Webcam,8,4.0,2025
185,Anish,48.0,Pokhara,Operations,135824.0,Printer,6,3.8,2022
204,Nisha,52.0,Chitwan,Marketing,-25000.0,Laptop,1,1.5,2023
461,Aayush,50.0,Dharan,Sales,72020.0,Headphones,8,3.2,2020
385,Anish,33.0,Bhaktapur,Operations,54505.0,Mouse,5,3.6,2018
432,Sabin,40.0,Bhaktapur,HR,52487.0,Headphones,6,4.7,2020
189,Suman,53.0,Butwal,HR,140075.0,Keyboard,3,2.7,2018
368,Pooja,31.0,Dharan,IT,59510.0,Webcam,8,2.1,2022
176,Aayush,37.0,pokhara,Finance,82272.0,Tablet,8,4.6,2024
217,Priya,20.0,Lalitpur,Sales,110575.0,Webcam,8,3.6,2022
390,Raj,150.0,Butwal,Operations,43340.0,Laptop,8,5.0,2022
230,Suman,28.0,Chitwan,Sales,98912.0,Laptop,9,2.8,2022
228,Neha,27.0,Kathmandu,Marketing,143343.0,Mouse,10,3.1,2020
268,Amit,30.0,Chitwan,,43198.0,Headphones,5,2.1,2020
166,Aayush,29.0,Lalitpur,IT,62601.0,Webcam,3,4.0,2025
247,Pooja,52.0,Dharan,Sales,37924.0,Webcam,6,4.7,2023
283,Sabin,47.0,Dharan,HR,129563.0,Tablet,3,1.7,2024
420,Sabin,23.0,Kathmandu,Operations,147469.0,Keyboard,9,4.4,2025
39,Nisha,35.0,Pokhara,Finance,127251.0,Tablet,10,4.0,2021
273,Kiran,45.0,Butwal,IT,147167.0,Mouse,10,5.0,2020
202,Ramesh,23.0,Bhaktapur,Finance,97512.0,Headphones,2,2.5,2025
402,Amit,53.0,Butwal,Sales,141388.0,Keyboard,6,5.0,2025
13,  Sita ,44.0,Chitwan,Marketing,86348.0,Headphones,9,4.4,2018
440,Bibek,47.0,Biratnagar,Marketing,59634.0,Keyboard,3,3.3,2022
294,Suman,54.0,Bhaktapur,Sales,38423.0,Mouse,5,4.5,2018
31,Nisha,40.0,Bhaktapur,Finance,76876.0,Keyboard,5,2.8,2019
145,Rohan,45.0,Kathmandu,Finance,47527.0,Webcam,6,1.4,2019
375,Neha,,Pokhara,Marketing,127176.0,Monitor,5,4.5,2023
213,Nisha,51.0,Butwal,Sales,,Headphones,5,1.5,2024
158,Riya,32.0,Bhaktapur,HR,45308.0,Monitor,5,4.4,2019
293,Amit,27.0,Pokhara,Finance,126595.0,Printer,9,4.3,2018
352,Aayush,31.0,Butwal,IT,27872.0,Keyboard,10,3.8,2020
441,Aayush,49.0,Lalitpur,IT,45146.0,Printer,10,1.2,2022
333,Rohan,52.0,Lalitpur,Operations,132474.0,Tablet,2,3.4,2018
423,  Rohan ,51.0,Kathmandu,IT,77879.0,Tablet,1,3.2,2018
357,Priya,41.0,Pokhara,HR,70457.0,Printer,3,3.5,2019
242,  Priya ,49.0,Kathmandu,Marketing,79090.0,Tablet,9,3.1,2024
82,Maya,34.0,Chitwan,Sales,144079.0,Webcam,5,4.4,2024
106,Pooja,43.0,Chitwan,HR,57007.0,Tablet,10,3.7,2020
180,Maya,37.0,Kathmandu,IT,112973.0,Tablet,6,3.1,2020
400,Aarav,35.0,Bhaktapur,Operations,139948.0,Printer,5,1.5,2024
38,Sabin,29.0,Chitwan,HR,30482.0,Headphones,6,4.6,2018
20,Rahul,34.0,Pokhara,Finance,27757.0,Mouse,10,1.9,2019
30,Rohan,35.0,Kathmandu,Marketing,35745.0,Tablet,10,3.3,2023
79,Sneha,28.0,Dharan,IT,Rs. 139389,Laptop,10,2.1,2025
460,Maya,30.0,Kathmandu,Finance,$57266,Mouse,7,2.1,2023
227,Sabin,50.0,Bhaktapur,HR,114173.0,Monitor,9,2.8,2023
398,Neha,30.0,Dharan,IT,41961.0,Tablet,7,2.6,2025
475,Anish,53.0,Chitwan,Marketing,98872.0,Laptop,5,4.8,2021
72,Riya,33.0,Butwal,Finance,69608.0,Headphones,10,3.8,2022
95,Aarav,35.0,Lalitpur,Finance,97199.0,Laptop,9,2.6,2021
252,Priya,20.0,Bhaktapur,Marketing,84770.0,Printer,1,3.5,2025
496,Suman,21.0,Dharan,IT,58792.0,Monitor,7,3.5,2021
36,Maya,37.0,Kathmandu,IT,68719.0,Keyboard,5,1.6,2025
129,Raj,29.0,Pokhara,HR,61046.0,Printer,7,5.0,2022
75,Neha,43.0,Dharan,Marketing,94588.0,Printer,7,5.0,2023
218,Sneha,23.0,Pokhara,Operations,100252.0,Mouse,9,4.0,2018
54,Priya,49.0,Butwal,Sales,105301.0,Tablet,9,2.8,2020
23,Rohan,26.0,Chitwan,Finance,80519.0,Tablet,8,4.5,2018
174,Suman,22.0,Biratnagar,HR,30741.0,Mouse,1,2.3,2022
146,Maya,45.0,Pokhara,Sales,139101.0,Headphones,6,1.9,2020
439,  Nisha ,38.0,Dharan,HR,114477.0,Monitor,3,4.8,2019
276,Raj,150.0,Chitwan,Marketing,91402.0,Tablet,9,1.1,2023
418,Suman,22.0,Pokhara,Finance,110848.0,Printer,1,3.8,2021
167,Raj,20.0,Pokhara,IT,58544.0,Mouse,3,3.2,2024
425,Suman,41.0,Dharan,Operations,111136.0,Printer,8,1.5,2021
164,Suman,52.0,Lalitpur,Sales,37021.0,Mouse,8,4.5,2018
430,Anish,31.0,Lalitpur,IT,75778.0,Printer,9,4.5,2024
91,Maya,41.0,Butwal,Operations,38710.0,Keyboard,6,2.6,2025
407,Maya,26.0,Biratnagar,Marketing,104381.0,Keyboard,7,4.3,2019
211,Ramesh,40.0,Lalitpur,Sales,144553.0,Printer,9,2.4,2022
453,Sneha,25.0,Biratnagar,Sales,74992.0,Tablet,1,2.9,2021
460,Maya,30.0,Kathmandu,Finance,$57266,Mouse,7,2.1,2023
428,Suman,32.0,Butwal,IT,124241.0,Tablet,1,4.7,2019
281,Amit,50.0,Butwal,Sales,37795.0,Webcam,8,2.3,2022
492,Nisha,53.0,Kathmandu,Operations,117225.0,Monitor,2,3.2,2023
408,Raj,27.0,Biratnagar,IT,127860.0,Monitor,8,1.8,2021
5,Pooja,36.0,Kathmandu,Operations,85217.0,Monitor,7,1.3,2022
399,Aarav,22.0,Bhaktapur,Operations,73903.0,Laptop,6,4.0,2021
219,Maya,31.0,Kathmandu,Sales,128279.0,Webcam,3,4.7,2022
240,Maya,55.0,Dharan,IT,70143.0,Tablet,9,,2024
236,Nisha,27.0,Kathmandu,Operations,79950.0,Laptop,4,1.8,2019
473,Rohan,50.0,Dharan,Sales,52617.0,Keyboard,7,1.1,2018
128,Riya,45.0,Chitwan,Operations,39150.0,Webcam,8,1.3,2019
144,Aarav,49.0,Pokhara,Finance,100465.0,Tablet,10,2.6,2024
495,Neha,36.0,Dharan,Sales,98815.0,Webcam,4,4.0,2025
153,Sita,52.0,Lalitpur,IT,57472.0,Webcam,8,3.1,2020
336,Rohan,30.0,Dharan,Sales,66160.0,Tablet,2,3.1,2021
241,Priya,39.0,Chitwan,HR,123882.0,Webcam,4,4.4,2022
81,Sita,23.0,Lalitpur,HR,131318.0,Headphones,2,5.0,2019
118,Rahul,24.0,Dharan,Operations,64608.0,Tablet,2,1.6,2018
24,Rohan,23.0,Chitwan,Operations,69473.0,Monitor,4,1.8,2025
397,Riya,41.0,Lalitpur,Finance,108165.0,Laptop,1,2.8,2021
346,Sabin,51.0,Butwal,Marketing,90849.0,Printer,7,2.1,2018
442,Neha,55.0,Butwal,IT,127764.0,Printer,9,1.9,2020
62,Maya,28.0,Dharan,HR,31590.0,Headphones,7,2.3,2025
109,Suman,42.0,Biratnagar,Operations,80615.0,Headphones,8,4.4,2021
321,Aarav,30.0,Dharan,Finance,93551.0,Headphones,3,2.5,2022
45,Raj,52.0,Pokhara,Sales,0.0,Mouse,5,1.2,2024
90,Amit,48.0,Biratnagar,HR,101720.0,Tablet,8,4.9,2025
233,Maya,43.0,Chitwan,Sales,138982.0,Tablet,7,1.3,2020
486,Sneha,42.0,Chitwan,Operations,43096.0,Monitor,4,2.8,2020
455,Sabin,29.0,Pokhara,IT,25659.0,Tablet,9,3.2,2019
437,  Bibek ,44.0,Chitwan,Sales,128299.0,Printer,9,1.2,2022
221,Suman,37.0,Bhaktapur,IT,68343.0,Keyboard,8,3.6,2020
168,Sneha,35.0,Biratnagar,IT,31258.0,Mouse,7,3.6,2025
498,Aayush,24.0,Lalitpur,Sales,66139.0,Printer,4,4.6,2022
8,Kiran,24.0,Lalitpur,Marketing,120568.0,Mouse,3,2.8,2022
116,Ramesh,20.0,Biratnagar,,41199.0,Webcam,6,3.7,2022
488,Priya,50.0,Chitwan,IT,33399.0,Headphones,4,2.5,2018
317,Sneha,52.0,Chitwan,Sales,116987.0,Tablet,2,3.6,2020
246,Rahul,55.0,Butwal,Finance,74894.0,Webcam,9,3.6,2022
137,Pooja,20.0,Lalitpur,HR,99228.0,Tablet,2,1.6,2018
300,Sita,45.0,Biratnagar,Operations,147727.0,Printer,8,4.8,2023
307,Rahul,53.0,,IT,26056.0,Printer,2,5.0,2024
426,Aayush,42.0,Biratnagar,Marketing,93417.0,Printer,2,1.2,2020
465,Suman,52.0,Pokhara,Sales,72692.0,Laptop,4,4.4,2020
457,Rohan,31.0,Kathmandu,Marketing,85458.0,Monitor,5,3.7,2022
424,Raj,39.0,Bhaktapur,Operations,113011.0,Webcam,6,2.5,2018
220,Aarav,39.0,Pokhara,Finance,62298.0,Webcam,9,3.1,2020
280,Sneha,46.0,Pokhara,IT,133962.0,Keyboard,6,2.2,2025
298,Maya,23.0,biratnagar,Operations,41631.0,Keyboard,4,1.6,2023
314,Ramesh,27.0,Bhaktapur,Sales,108634.0,Monitor,9,4.6,2018
229,Amit,48.0,Pokhara,Operations,51922.0,Webcam,2,4.6,2025
11,Sabin,54.0,Biratnagar,Operations,101622.0,Tablet,10,2.6,2021
29,Amit,30.0,Kathmandu,Marketing,35500.0,Keyboard,2,,2021
345,Maya,32.0,Bhaktapur,Operations,130141.0,Laptop,7,4.1,2023
208,Bibek,50.0,Lalitpur,Marketing,107447.0,Tablet,3,4.3,2021
125,Aarav,28.0,Kathmandu,Finance,128544.0,Mouse,10,2.3,2020
70,Sabin,50.0,Dharan,Sales,133230.0,Headphones,6,4.4,2019
162,Sneha,44.0,Chitwan,HR,132071.0,Mouse,10,1.6,2022
195,Suman,46.0,,Sales,51741.0,Printer,10,1.6,2023
138,Amit,33.0,Chitwan,Sales,84460.0,Printer,3,2.5,2023
371,Sita,45.0,Kathmandu,Marketing,99870.0,Keyboard,2,4.8,2025
113,Suman,22.0,Butwal,Operations,42224.0,Monitor,5,5.5,2024
101,Priya,51.0,Kathmandu,HR,90836.0,Printer,2,4.5,2025
382,Rahul,22.0,Dharan,IT,145328.0,Printer,4,2.1,2025
387,Kiran,47.0,Chitwan,Finance,85161.0,Headphones,4,2.9,2024
403,Nisha,30.0,Chitwan,IT,54939.0,Mouse,3,1.8,2018
111,Ramesh,37.0,Kathmandu,Marketing,138386.0,Laptop,10,4.0,2022
284,Aarav,32.0,Dharan,Marketing,81302.0,Tablet,1,3.8,2021
282,Rohan,21.0,Butwal,Operations,39334.0,Keyboard,4,3.1,2020
188,Ramesh,50.0,Chitwan,Sales,132916.0,Monitor,3,4.9,2019
123,Aayush,35.0,Lalitpur,Marketing,51896.0,Monitor,9,1.8,2021
328,Sita,55.0,Dharan,IT,73354.0,Mouse,5,3.3,2022
93,Aarav,54.0,Dharan,Sales,32104.0,Mouse,9,2.4,2025
409,Amit,32.0,Butwal,Operations,78707.0,Headphones,3,1.2,2025
196,Pooja,45.0,Lalitpur,Finance,92499.0,Monitor,6,2.0,2019
63,Aayush,44.0,Biratnagar,Sales,58065.0,Monitor,8,1.1,2018
493,Kiran,34.0,Bhaktapur,Sales,146859.0,Tablet,10,1.0,2020
175,Ramesh,54.0,Dharan,Finance,29799.0,Mouse,5,2.4,2018
449,Nisha,54.0,Chitwan,Operations,132053.0,Monitor,3,1.1,2023
46,Amit,54.0,Bhaktapur,Finance,81531.0,Monitor,6,3.5,2019
303,Riya,41.0,Kathmandu,IT,38051.0,Webcam,1,1.5,2020
444,Aayush,41.0,Butwal,Finance,53632.0,Webcam,9,4.3,2018
131,Aayush,49.0,Chitwan,Sales,-5000.0,Monitor,6,2.7,2022
51,Sneha,34.0,Bhaktapur,HR,28201.0,Laptop,4,4.9,2019
98,Kiran,46.0,Butwal,Marketing,60018.0,Laptop,5,3.9,2025
198,Anish,40.0,butwal,HR,125023.0,Keyboard,8,5.0,2025
216,Bibek,53.0,Bhaktapur,Operations,55518.0,Laptop,2,2.7,2025
239,  Sneha ,29.0,Bhaktapur,Sales,64387.0,Headphones,1,3.2,2020
364,Nisha,46.0,Biratnagar,Operations,61899.0,Headphones,4,1.4,2024
104,Bibek,24.0,Bhaktapur,Operations,114705.0,Headphones,4,4.0,2024
405,Raj,23.0,Kathmandu,Operations,39170.0,Laptop,1,3.8,2024
64,Rahul,24.0,Kathmandu,IT,149467.0,Mouse,4,4.4,2020
406,Ramesh,27.0,Biratnagar,Sales,116995.0,Keyboard,4,3.8,2018
170,Pooja,35.0,Chitwan,HR,112080.0,Monitor,9,4.9,2019
248,Maya,22.0,Bhaktapur,Operations,44126.0,Laptop,5,3.2,2024
258,Aayush,26.0,Kathmandu,,52710.0,Webcam,5,1.2,2019
252,Priya,20.0,Bhaktapur,Marketing,84770.0,Printer,1,3.5,2025
270,Riya,32.0,Dharan,IT,42758.0,Headphones,1,0.0,2023
365,Sabin,51.0,Lalitpur,IT,72294.0,Laptop,7,1.4,2025
492,Nisha,53.0,Kathmandu,Operations,117225.0,Monitor,2,3.2,2023
154,Pooja,38.0,Chitwan,Sales,126510.0,Printer,10,1.2,2023
456,Nisha,42.0,Bhaktapur,Sales,143702.0,Keyboard,3,1.7,2022
41,Anish,26.0,Chitwan,IT,137537.0,Webcam,4,1.8,2025
447,Amit,48.0,Dharan,IT,63854.0,Mouse,6,3.1,2019
401,Neha,39.0,Lalitpur,IT,132982.0,Laptop,5,4.8,2025
66,Raj,27.0,Lalitpur,Finance,39168.0,Laptop,5,3.3,2024
207,Aayush,27.0,Chitwan,Marketing,65327.0,Laptop,10,2.9,2021
9,Sabin,34.0,butwal,IT,55021.0,Laptop,6,2.6,2019
78,Pooja,31.0,Biratnagar,IT,117801.0,Keyboard,5,1.2,2018
59,Ramesh,50.0,kathmandu,Finance,64139.0,Tablet,7,3.2,2021
251,Sabin,23.0,Kathmandu,IT,148887.0,Laptop,1,10.0,2021
120,Priya,46.0,Pokhara,Sales,105694.0,Tablet,5,1.1,2023
476,Raj,50.0,Dharan,HR,53752.0,Tablet,10,1.6,2020
320,Suman,23.0,Biratnagar,Operations,122215.0,Keyboard,2,1.1,2020
142,Nisha,28.0,biratnagar,Finance,68007.0,Monitor,1,3.0,2024
89,Sita,34.0,Kathmandu,Operations,132665.0,Headphones,10,1.2,2020
469,Kiran,54.0,Lalitpur,Sales,110678.0,Tablet,6,3.4,2019
308,Priya,50.0,Pokhara,HR,75209.0,Monitor,2,1.4,2023
301,Aarav,25.0,Dharan,Operations,112050.0,Printer,2,4.2,2024
324,Rohan,34.0,Kathmandu,IT,137550.0,Laptop,4,1.2,2023
255,Amit,200.0,Butwal,Finance,129193.0,Tablet,2,2.5,2024
322,Rohan,21.0,Butwal,Sales,60649.0,Monitor,5,3.8,2019
61,Anish,49.0,Lalitpur,Marketing,95008.0,Laptop,7,3.4,2018
350,Neha,29.0,Bhaktapur,Sales,96057.0,Headphones,3,3.0,2019
325,Priya,31.0,Kathmandu,Marketing,,Tablet,4,2.3,2024
257,Sabin,50.0,Kathmandu,Operations,26238.0,Keyboard,2,3.0,2024
302,Maya,33.0,Dharan,Finance,67318.0,Headphones,6,3.2,2020
297,Kiran,54.0,Lalitpur,Finance,117281.0,Headphones,5,3.3,2019
316,Aarav,24.0,Kathmandu,Finance,53277.0,Laptop,1,4.8,2024
443,Sita,52.0,Lalitpur,Sales,,Tablet,2,2.4,2021
47,Sneha,52.0,Biratnagar,Operations,78528.0,Printer,7,3.8,2020
87,Bibek,30.0,Biratnagar,Marketing,Rs. 123167,Headphones,8,1.5,2022
110,Riya,26.0,Bhaktapur,Sales,99963.0,Printer,10,2.2,2022
361,Suman,24.0,Kathmandu,Finance,27631.0,Printer,5,4.8,2019
134,Bibek,38.0,Biratnagar,Finance,38579.0,Mouse,3,3.6,2021
17,Rahul,23.0,Bhaktapur,Marketing,149118.0,Monitor,2,3.9,2019
304,Suman,20.0,Chitwan,HR,115255.0,Keyboard,5,1.6,2022
194,Sneha,50.0,Bhaktapur,Operations,78227.0,Headphones,8,1.3,2018
467,Riya,34.0,Pokhara,Finance,73422.0,Mouse,1,3.7,2023
117,Ramesh,43.0,Pokhara,Operations,55647.0,Webcam,1,3.5,2023
356,Neha,45.0,Kathmandu,HR,103956.0,Printer,10,1.9,2019
331,Ramesh,39.0,Pokhara,HR,94443.0,Mouse,7,3.0,2018
367,Ramesh,50.0,Dharan,Operations,59734.0,Monitor,9,2.6,2023
295,  Kiran ,42.0,Pokhara,Sales,-5000.0,Monitor,4,1.8,2023
28,Nisha,38.0,Bhaktapur,,100914.0,Laptop,6,1.2,2025
141,Neha,51.0,Biratnagar,IT,Rs. 53903,Tablet,10,1.2,2021
199,Sneha,51.0,Kathmandu,IT,148893.0,Tablet,9,2.8,2021
378,Pooja,21.0,Butwal,Finance,65756.0,Headphones,8,4.4,2019
15,Kiran,52.0,Lalitpur,Marketing,144619.0,Monitor,5,4.4,2021
88,Ramesh,37.0,Dharan,Sales,35543.0,Laptop,7,3.9,2022
266,Priya,25.0,Lalitpur,Sales,83830.0,Tablet,2,1.1,2023
263,Riya,34.0,Butwal,Marketing,$148357,Tablet,7,1.7,2024
223,Rohan,31.0,Lalitpur,Sales,67415.0,Mouse,1,2.0,2021
244,  Kiran ,44.0,Kathmandu,IT,0.0,Mouse,8,1.8,2023
260,Ramesh,24.0,Biratnagar,HR,98919.0,Mouse,10,4.3,2024
396,Priya,28.0,Bhaktapur,Finance,78633.0,Webcam,3,2.3,2020
411,Sita,52.0,Pokhara,Operations,119840.0,Monitor,5,3.6,2025
355,Neha,31.0,Chitwan,Finance,121206.0,Headphones,3,1.7,2018
104,Bibek,24.0,Bhaktapur,Operations,114705.0,Headphones,4,4.0,2024
150,Neha,23.0,Butwal,Marketing,34724.0,Headphones,8,2.8,2018
140,  Raj ,48.0,Chitwan,Finance,53255.0,Monitor,6,2.7,2022
68,Sabin,47.0,Butwal,IT,91317.0,Printer,1,4.4,2025
4,Maya,41.0,Biratnagar,HR,53221.0,Printer,2,1.4,2019
343,Maya,31.0,Butwal,HR,144053.0,Keyboard,5,2.1,2020
57,Priya,34.0,Chitwan,Operations,45028.0,Mouse,2,2.7,2023
305,Pooja,36.0,pokhara,Finance,112098.0,Keyboard,1,2.6,2022
234,Pooja,27.0,Lalitpur,Marketing,76518.0,Keyboard,4,4.3,2018
374,Aayush,37.0,Dharan,IT,128094.0,Tablet,2,2.7,2020
52,Maya,32.0,Chitwan,Sales,77383.0,Mouse,3,3.6,2018
2,Maya,22.0,Kathmandu,IT,53657.0,Mouse,9,3.4,2021
19,Sabin,32.0,Biratnagar,Sales,113039.0,Printer,8,4.6,2025
269,Anish,47.0,Biratnagar,Sales,64289.0,Webcam,2,2.4,2021
480,Riya,28.0,Kathmandu,Operations,110096.0,Tablet,9,2.7,2018
313,Amit,52.0,Bhaktapur,Operations,76347.0,Headphones,1,4.1,2021
26,Sabin,20.0,Pokhara,HR,46798.0,Tablet,8,2.9,2024
184,Kiran,48.0,Bhaktapur,Marketing,62431.0,Webcam,4,1.5,2019
358,Aayush,48.0,Kathmandu,Finance,52483.0,Mouse,2,2.4,2019
187,Aarav,43.0,Butwal,Sales,130337.0,Keyboard,10,4.5,2019
44,Neha,36.0,Kathmandu,IT,103193.0,Tablet,6,3.9,2023
130,Amit,47.0,Pokhara,Operations,39996.0,Mouse,7,2.8,2021
360,Pooja,54.0,Chitwan,IT,133633.0,Webcam,10,3.6,2021
245,Aarav,33.0,Bhaktapur,Operations,40376.0,Webcam,4,3.8,2021
256,Neha,35.0,Bhaktapur,Finance,114658.0,Monitor,1,1.4,2024
271,Ramesh,41.0,Dharan,Finance,81441.0,Keyboard,5,2.3,2021
391,Ramesh,44.0,Kathmandu,Marketing,117808.0,Mouse,6,3.9,2021
482,Priya,36.0,Dharan,HR,144286.0,Monitor,5,3.4,2024
155,Aayush,26.0,Chitwan,Finance,58029.0,Keyboard,6,1.3,2020
372,Anish,33.0,Bhaktapur,HR,30593.0,Tablet,2,5.0,2024
31,Nisha,40.0,Bhaktapur,Finance,76876.0,Keyboard,5,2.8,2019
71,Suman,35.0,Dharan,Marketing,104997.0,Tablet,6,1.1,2023
464,Kiran,54.0,Dharan,Operations,126606.0,Keyboard,6,2.6,2022
159,Sabin,53.0,Kathmandu,Operations,69140.0,Keyboard,10,2.5,2020
485,Pooja,37.0,Chitwan,HR,79162.0,Webcam,3,2.5,2025
458,Nisha,51.0,Butwal,Finance,41805.0,Mouse,2,2.1,2019
272,Aayush,31.0,Chitwan,Finance,63200.0,Webcam,10,4.1,2023
147,Amit,27.0,Bhaktapur,Finance,71019.0,Keyboard,4,1.4,2022
206,Ramesh,39.0,Butwal,Marketing,133565.0,Webcam,10,2.2,2018
279,Pooja,45.0,Dharan,Operations,102147.0,Keyboard,6,5.0,2025
395,Neha,,,HR,90598.0,Monitor,7,3.1,2024
315,Aayush,28.0,Chitwan,Marketing,,Printer,9,3.7,2025
419,Aayush,53.0,Pokhara,Sales,111732.0,Mouse,8,2.4,2024
332,Kiran,25.0,Kathmandu,HR,142609.0,Tablet,6,2.8,2019
65,Priya,50.0,Pokhara,Marketing,149224.0,Mouse,8,3.8,2023
326,Aayush,37.0,Pokhara,Marketing,73864.0,Monitor,9,3.7,2018
419,Aayush,53.0,Pokhara,Sales,111732.0,Mouse,8,2.4,2024
388,Rohan,20.0,Butwal,Marketing,109848.0,Headphones,5,3.7,2025
169,Rohan,51.0,Kathmandu,Operations,92551.0,Mouse,3,2.2,2018
77,Nisha,50.0,Biratnagar,Operations,102278.0,Headphones,2,4.3,2022
291,  Riya ,46.0,Dharan,Sales,46922.0,Monitor,10,1.1,2021
412,Kiran,49.0,Kathmandu,IT,131584.0,Keyboard,1,4.4,2023
351,Rahul,34.0,Kathmandu,Marketing,87650.0,Laptop,6,4.7,2021
119,Riya,27.0,Pokhara,HR,141294.0,Keyboard,7,2.8,2024
214,Pooja,29.0,Biratnagar,IT,62700.0,Monitor,6,4.7,2022
354,Priya,30.0,Chitwan,Operations,88858.0,Printer,3,3.8,2023
359,  Aarav ,23.0,Chitwan,Sales,121021.0,Tablet,3,4.5,2025
181,  Priya ,48.0,Kathmandu,HR,33812.0,Mouse,6,2.4,2018
349,Anish,31.0,Bhaktapur,Marketing,66681.0,Printer,10,1.1,2023
381,Sneha,52.0,Chitwan,HR,127303.0,Laptop,3,1.8,2021
100,Rahul,44.0,Bhaktapur,Sales,30720.0,Printer,8,3.8,2024
362,Anish,,lalitpur,Operations,34830.0,Monitor,6,3.4,2025
136,Raj,55.0,Kathmandu,Marketing,146776.0,Headphones,1,1.7,2022
177,Anish,51.0,Dharan,Finance,146151.0,Headphones,2,3.9,2019
446,Rohan,44.0,Biratnagar,Marketing,119892.0,Headphones,1,4.6,2023
494,Amit,26.0,Pokhara,Marketing,63568.0,Printer,2,4.2,2022
85,Bibek,34.0,Biratnagar,Operations,62056.0,Webcam,2,3.7,2022
47,Sneha,52.0,Biratnagar,Operations,78528.0,Printer,7,3.8,2020
40,Anish,46.0,Kathmandu,HR,121542.0,Printer,7,4.2,2021
341,Neha,36.0,Pokhara,IT,33450.0,Mouse,8,4.2,2019
3,Sabin,46.0,Bhaktapur,Sales,102236.0,Headphones,1,4.0,2020
452,Aarav,24.0,Kathmandu,Operations,136181.0,Monitor,6,4.7,2019
312,Rahul,37.0,Pokhara,HR,97534.0,Headphones,1,4.4,2022
306,Rahul,47.0,Pokhara,Operations,37475.0,Laptop,4,2.9,2020
69,Maya,43.0,Dharan,Operations,45052.0,Tablet,3,3.9,2022
209,Neha,27.0,Bhaktapur,IT,82807.0,Printer,7,1.6,2021
497,Rahul,40.0,Chitwan,Finance,92699.0,Laptop,5,2.0,2019
421,Sita,51.0,Butwal,HR,68371.0,Headphones,1,3.0,2024
254,Sneha,21.0,chitwan,HR,39026.0,Monitor,9,1.6,2021
335,Suman,37.0,Bhaktapur,IT,148673.0,Mouse,3,4.1,2019
340,Aarav,23.0,Bhaktapur,HR,50969.0,Tablet,6,3.7,2019
410,Riya,41.0,Bhaktapur,IT,26671.0,Monitor,2,4.3,2025
112,Raj,42.0,Bhaktapur,Operations,49920.0,Headphones,3,3.5,2018
225,Rohan,49.0,biratnagar,HR,78138.0,Headphones,2,3.6,2022
431,  Rahul ,37.0,Chitwan,Finance,63557.0,Webcam,3,1.6,2022
33,Pooja,38.0,Lalitpur,Sales,134280.0,Headphones,10,4.9,2018
74,Riya,,Dharan,IT,37196.0,Headphones,4,2.6,2021
48,Maya,44.0,Lalitpur,Marketing,99593.0,Headphones,7,3.2,2018
127,Neha,26.0,Dharan,Marketing,54038.0,Laptop,9,2.2,2018
114,Nisha,28.0,Butwal,Marketing,90771.0,Headphones,3,2.0,2025
97,Riya,35.0,Dharan,Marketing,$43958,Tablet,4,4.7,2020
226,Raj,34.0,Bhaktapur,HR,87676.0,Keyboard,8,4.0,2023
215,Riya,33.0,Bhaktapur,Marketing,60537.0,Headphones,3,1.4,2021
58,Suman,46.0,Kathmandu,HR,134168.0,Tablet,7,4.6,2018
